Type;Identification;Field;Locale;Market;Status;Default content;Translated content 
PRODUCT;'15489736835421;title;fi;;;"Kids Valueweight T";"Lasten Valueweight T-Paita"
PRODUCT;'15489736835421;body_html;fi;;;"• Material: 100% cotton<br><br><div class=""size-table""><table><br><tr><br><td>Koko</td><br><td>Leveys cm*</td><br><td>Pituus cm**</td><br></tr><br><tr><br><td>1-2/92cm</td><br><td>31</td><br><td>38</td><br></tr><br><tr><br><td>2-3/98cm</td><br><td>33</td><br><td>41</td><br></tr><br><tr><br><td>3-4/104cm</td><br><td>38</td><br><td>45</td><br></tr><br><tr><br><td>5-6/116cm</td><br><td>40,5</td><br><td>50</td><br></tr><br><tr><br><td>7-8/128cm</td><br><td>43</td><br><td>55</td><br></tr><br><tr><br><td>9-11/140cm</td><br><td>46</td><br><td>60</td><br></tr><br><tr><br><td>12-13/152cm</td><br><td>48,5</td><br><td>65</td><br></tr><br><tr><br><td>14-15/164cm</td><br><td>53,5</td><br><td>72</td><br></tr><br><tr><br><td>Tol+/-</td><br><td>2,5</td><br><td>2,5</td><br></tr><br></table><br><p>* Tuotteen reunasta reunaan 2 cm hihojen alapuolelta</p><br><p>** Olkapään korkeimmasta kohdasta tuotteen alareunaan</p></div>"
PRODUCT;'15489736835421;handle;fi;;;10330; 
PRODUCT;'15489736835421;product_type;fi;;;Kids T-shirts; 
PRODUCT;'15489746108765;title;fi;;;"Valueweight T - S";"Valueweight T-Paita"
PRODUCT;'15489746108765;body_html;fi;;;"• Material: 100% cotton<br><br><div class=""size-table""><table><br><tr><br><td>Koko</td><br><td>Leveys cm*</td><br><td>Pituus cm**</td><br></tr><br><tr><br><td>S</td><br><td>48,5</td><br><td>69,5</td><br></tr><br><tr><br><td>M</td><br><td>53,5</td><br><td>72</td><br></tr><br><tr><br><td>L</td><br><td>56</td><br><td>74,5</td><br></tr><br><tr><br><td>XL</td><br><td>61</td><br><td>77</td><br></tr><br><tr><br><td>XXL</td><br><td>66</td><br><td>78,5</td><br></tr><br><tr><br><td>3XL</td><br><td>71</td><br><td>80</td><br></tr><br><tr><br><td>4XL</td><br><td>76</td><br><td>81,5</td><br></tr><br><tr><br><td>5XL</td><br><td>81</td><br><td>83</td><br></tr><br><tr><br><td>Tol+/-</td><br><td>2,5</td><br><td>2,5</td><br></tr><br></table><br><p>* Tuotteen reunasta reunaan 2 cm hihojen alapuolelta</p><br><p>** Olkapään korkeimmasta kohdasta tuotteen alareunaan</p></div>"
PRODUCT;'15489746108765;handle;fi;;;10360-size-s; 
PRODUCT;'15489746108765;product_type;fi;;;Apparel; 
PRODUCT;'15489746305373;title;fi;;;"Valueweight T - M";"Valueweight T-Paita"
PRODUCT;'15489746305373;body_html;fi;;;"• Material: 100% cotton<br><br><div class=""size-table""><table><br><tr><br><td>Koko</td><br><td>Leveys cm*</td><br><td>Pituus cm**</td><br></tr><br><tr><br><td>S</td><br><td>48,5</td><br><td>69,5</td><br></tr><br><tr><br><td>M</td><br><td>53,5</td><br><td>72</td><br></tr><br><tr><br><td>L</td><br><td>56</td><br><td>74,5</td><br></tr><br><tr><br><td>XL</td><br><td>61</td><br><td>77</td><br></tr><br><tr><br><td>XXL</td><br><td>66</td><br><td>78,5</td><br></tr><br><tr><br><td>3XL</td><br><td>71</td><br><td>80</td><br></tr><br><tr><br><td>4XL</td><br><td>76</td><br><td>81,5</td><br></tr><br><tr><br><td>5XL</td><br><td>81</td><br><td>83</td><br></tr><br><tr><br><td>Tol+/-</td><br><td>2,5</td><br><td>2,5</td><br></tr><br></table><br><p>* Tuotteen reunasta reunaan 2 cm hihojen alapuolelta</p><br><p>** Olkapään korkeimmasta kohdasta tuotteen alareunaan</p></div>"
PRODUCT;'15489746305373;handle;fi;;;10360-size-m; 
PRODUCT;'15489746305373;product_type;fi;;;Apparel; 
PRODUCT;'15489746567517;title;fi;;;"Valueweight T - L";"Valueweight T-Paita"
PRODUCT;'15489746567517;body_html;fi;;;"• Material: 100% cotton<br><br><div class=""size-table""><table><br><tr><br><td>Koko</td><br><td>Leveys cm*</td><br><td>Pituus cm**</td><br></tr><br><tr><br><td>S</td><br><td>48,5</td><br><td>69,5</td><br></tr><br><tr><br><td>M</td><br><td>53,5</td><br><td>72</td><br></tr><br><tr><br><td>L</td><br><td>56</td><br><td>74,5</td><br></tr><br><tr><br><td>XL</td><br><td>61</td><br><td>77</td><br></tr><br><tr><br><td>XXL</td><br><td>66</td><br><td>78,5</td><br></tr><br><tr><br><td>3XL</td><br><td>71</td><br><td>80</td><br></tr><br><tr><br><td>4XL</td><br><td>76</td><br><td>81,5</td><br></tr><br><tr><br><td>5XL</td><br><td>81</td><br><td>83</td><br></tr><br><tr><br><td>Tol+/-</td><br><td>2,5</td><br><td>2,5</td><br></tr><br></table><br><p>* Tuotteen reunasta reunaan 2 cm hihojen alapuolelta</p><br><p>** Olkapään korkeimmasta kohdasta tuotteen alareunaan</p></div>"
PRODUCT;'15489746567517;handle;fi;;;10360-size-l; 
PRODUCT;'15489746567517;product_type;fi;;;Apparel; 
PRODUCT;'15489746764125;title;fi;;;"Valueweight T - XL";"Valueweight T-Paita"
PRODUCT;'15489746764125;body_html;fi;;;"• Material: 100% cotton<br><br><div class=""size-table""><table><br><tr><br><td>Koko</td><br><td>Leveys cm*</td><br><td>Pituus cm**</td><br></tr><br><tr><br><td>S</td><br><td>48,5</td><br><td>69,5</td><br></tr><br><tr><br><td>M</td><br><td>53,5</td><br><td>72</td><br></tr><br><tr><br><td>L</td><br><td>56</td><br><td>74,5</td><br></tr><br><tr><br><td>XL</td><br><td>61</td><br><td>77</td><br></tr><br><tr><br><td>XXL</td><br><td>66</td><br><td>78,5</td><br></tr><br><tr><br><td>3XL</td><br><td>71</td><br><td>80</td><br></tr><br><tr><br><td>4XL</td><br><td>76</td><br><td>81,5</td><br></tr><br><tr><br><td>5XL</td><br><td>81</td><br><td>83</td><br></tr><br><tr><br><td>Tol+/-</td><br><td>2,5</td><br><td>2,5</td><br></tr><br></table><br><p>* Tuotteen reunasta reunaan 2 cm hihojen alapuolelta</p><br><p>** Olkapään korkeimmasta kohdasta tuotteen alareunaan</p></div>"
PRODUCT;'15489746764125;handle;fi;;;10360-size-xl; 
PRODUCT;'15489746764125;product_type;fi;;;Apparel; 
PRODUCT;'15489746960733;title;fi;;;"Valueweight T - XXL";"Valueweight T-Paita"
PRODUCT;'15489746960733;body_html;fi;;;"• Material: 100% cotton<br><br><div class=""size-table""><table><br><tr><br><td>Koko</td><br><td>Leveys cm*</td><br><td>Pituus cm**</td><br></tr><br><tr><br><td>S</td><br><td>48,5</td><br><td>69,5</td><br></tr><br><tr><br><td>M</td><br><td>53,5</td><br><td>72</td><br></tr><br><tr><br><td>L</td><br><td>56</td><br><td>74,5</td><br></tr><br><tr><br><td>XL</td><br><td>61</td><br><td>77</td><br></tr><br><tr><br><td>XXL</td><br><td>66</td><br><td>78,5</td><br></tr><br><tr><br><td>3XL</td><br><td>71</td><br><td>80</td><br></tr><br><tr><br><td>4XL</td><br><td>76</td><br><td>81,5</td><br></tr><br><tr><br><td>5XL</td><br><td>81</td><br><td>83</td><br></tr><br><tr><br><td>Tol+/-</td><br><td>2,5</td><br><td>2,5</td><br></tr><br></table><br><p>* Tuotteen reunasta reunaan 2 cm hihojen alapuolelta</p><br><p>** Olkapään korkeimmasta kohdasta tuotteen alareunaan</p></div>"
PRODUCT;'15489746960733;handle;fi;;;10360-size-xxl; 
PRODUCT;'15489746960733;product_type;fi;;;Apparel; 
PRODUCT;'15489747157341;title;fi;;;"Valueweight T - 3XL";"Valueweight T-Paita"
PRODUCT;'15489747157341;body_html;fi;;;"• Material: 100% cotton<br><br><div class=""size-table""><table><br><tr><br><td>Koko</td><br><td>Leveys cm*</td><br><td>Pituus cm**</td><br></tr><br><tr><br><td>S</td><br><td>48,5</td><br><td>69,5</td><br></tr><br><tr><br><td>M</td><br><td>53,5</td><br><td>72</td><br></tr><br><tr><br><td>L</td><br><td>56</td><br><td>74,5</td><br></tr><br><tr><br><td>XL</td><br><td>61</td><br><td>77</td><br></tr><br><tr><br><td>XXL</td><br><td>66</td><br><td>78,5</td><br></tr><br><tr><br><td>3XL</td><br><td>71</td><br><td>80</td><br></tr><br><tr><br><td>4XL</td><br><td>76</td><br><td>81,5</td><br></tr><br><tr><br><td>5XL</td><br><td>81</td><br><td>83</td><br></tr><br><tr><br><td>Tol+/-</td><br><td>2,5</td><br><td>2,5</td><br></tr><br></table><br><p>* Tuotteen reunasta reunaan 2 cm hihojen alapuolelta</p><br><p>** Olkapään korkeimmasta kohdasta tuotteen alareunaan</p></div>"
PRODUCT;'15489747157341;handle;fi;;;10360-size-3xl; 
PRODUCT;'15489747157341;product_type;fi;;;Apparel; 
PRODUCT;'15489747386717;title;fi;;;"Valueweight T - 4XL";"Valueweight T-Paita"
PRODUCT;'15489747386717;body_html;fi;;;"• Material: 100% cotton<br><br><div class=""size-table""><table><br><tr><br><td>Koko</td><br><td>Leveys cm*</td><br><td>Pituus cm**</td><br></tr><br><tr><br><td>S</td><br><td>48,5</td><br><td>69,5</td><br></tr><br><tr><br><td>M</td><br><td>53,5</td><br><td>72</td><br></tr><br><tr><br><td>L</td><br><td>56</td><br><td>74,5</td><br></tr><br><tr><br><td>XL</td><br><td>61</td><br><td>77</td><br></tr><br><tr><br><td>XXL</td><br><td>66</td><br><td>78,5</td><br></tr><br><tr><br><td>3XL</td><br><td>71</td><br><td>80</td><br></tr><br><tr><br><td>4XL</td><br><td>76</td><br><td>81,5</td><br></tr><br><tr><br><td>5XL</td><br><td>81</td><br><td>83</td><br></tr><br><tr><br><td>Tol+/-</td><br><td>2,5</td><br><td>2,5</td><br></tr><br></table><br><p>* Tuotteen reunasta reunaan 2 cm hihojen alapuolelta</p><br><p>** Olkapään korkeimmasta kohdasta tuotteen alareunaan</p></div>"
PRODUCT;'15489747386717;handle;fi;;;10360-size-4xl; 
PRODUCT;'15489747386717;product_type;fi;;;Apparel; 
PRODUCT;'15489747812701;title;fi;;;"Valueweight T - 5XL";"Valueweight T-Paita"
PRODUCT;'15489747812701;body_html;fi;;;"• Material: 100% cotton<br><br><div class=""size-table""><table><br><tr><br><td>Koko</td><br><td>Leveys cm*</td><br><td>Pituus cm**</td><br></tr><br><tr><br><td>S</td><br><td>48,5</td><br><td>69,5</td><br></tr><br><tr><br><td>M</td><br><td>53,5</td><br><td>72</td><br></tr><br><tr><br><td>L</td><br><td>56</td><br><td>74,5</td><br></tr><br><tr><br><td>XL</td><br><td>61</td><br><td>77</td><br></tr><br><tr><br><td>XXL</td><br><td>66</td><br><td>78,5</td><br></tr><br><tr><br><td>3XL</td><br><td>71</td><br><td>80</td><br></tr><br><tr><br><td>4XL</td><br><td>76</td><br><td>81,5</td><br></tr><br><tr><br><td>5XL</td><br><td>81</td><br><td>83</td><br></tr><br><tr><br><td>Tol+/-</td><br><td>2,5</td><br><td>2,5</td><br></tr><br></table><br><p>* Tuotteen reunasta reunaan 2 cm hihojen alapuolelta</p><br><p>** Olkapään korkeimmasta kohdasta tuotteen alareunaan</p></div>"
PRODUCT;'15489747812701;handle;fi;;;10360-size-5xl; 
PRODUCT;'15489747812701;product_type;fi;;;Apparel; 
PRODUCT;'15489800044893;title;fi;;;"Valueweight Long Sleeve T";"PitkäHihainen Valueweight T"
PRODUCT;'15489800044893;body_html;fi;;;"• Material: 100% cotton<br><br><div class=""size-table""><table><br><tr><br><td>Koko</td><br><td>Leveys cm*</td><br><td>Pituus cm**</td><br></tr><br><tr><br><td>S</td><br><td>48,5</td><br><td>69,5</td><br></tr><br><tr><br><td>M</td><br><td>53,5</td><br><td>72</td><br></tr><br><tr><br><td>L</td><br><td>56</td><br><td>74,5</td><br></tr><br><tr><br><td>XL</td><br><td>61</td><br><td>77</td><br></tr><br><tr><br><td>XXL</td><br><td>66</td><br><td>78,5</td><br></tr><br><tr><br><td>3XL</td><br><td>71</td><br><td>80</td><br></tr><br><tr><br><td>4XL</td><br><td>76</td><br><td>81,5</td><br></tr><br><tr><br><td>5XL</td><br><td>81</td><br><td>83</td><br></tr><br><tr><br><td>Tol+/-</td><br><td>2,5</td><br><td>2,5</td><br></tr><br></table><br><p>* Tuotteen reunasta reunaan 2 cm hihojen alapuolelta</p><br><p>** Olkapään korkeimmasta kohdasta tuotteen alareunaan</p></div>"
PRODUCT;'15489800044893;handle;fi;;;10380; 
PRODUCT;'15489800044893;product_type;fi;;;Long sleeve t-shirts; 
PRODUCT;'15489805222237;title;fi;;;"Super Premium T";"Super Premium T-Paita"
PRODUCT;'15489805222237;body_html;fi;;;"• Material: 100% cotton<br><br><div class=""size-table""><table><br><tr><br><td>Koko</td><br><td>Leveys cm*</td><br><td>Pituus cm**</td><br></tr><br><tr><br><td>S</td><br><td>48,5</td><br><td>69,5</td><br></tr><br><tr><br><td>M</td><br><td>53,5</td><br><td>72</td><br></tr><br><tr><br><td>L</td><br><td>56</td><br><td>74,5</td><br></tr><br><tr><br><td>XL</td><br><td>61</td><br><td>77</td><br></tr><br><tr><br><td>XXL</td><br><td>66</td><br><td>78,5</td><br></tr><br><tr><br><td>3XL</td><br><td>71</td><br><td>80</td><br></tr><br><tr><br><td>Tol+/-</td><br><td>2,5</td><br><td>2,5</td><br></tr><br></table><br><p>* Tuotteen reunasta reunaan 2 cm hihojen alapuolelta</p><br><p>** Olkapään korkeimmasta kohdasta tuotteen alareunaan</p></div>"
PRODUCT;'15489805222237;handle;fi;;;10440; 
PRODUCT;'15489805222237;product_type;fi;;;Apparel; 
PRODUCT;'15489806926173;title;fi;;;"Iconic 195 Ringspun Premium Long Sleeve T";"PitkäHihainen Iconic 195 Ringspun T"
PRODUCT;'15489806926173;body_html;fi;;;"""ICONIC 195 is a smooth and soft long-sleeved T-shirt.
PRODUCT;'15489806926173;handle;fi;;;13600; 
PRODUCT;'15489806926173;product_type;fi;;;Apparel; 
PRODUCT;'15489814102365;title;fi;;;"Lady-fit Valueweight T";"Naisten Valueweight T-Paita"
PRODUCT;'15489814102365;body_html;fi;;;"""• Material: 100% cotton
PRODUCT;'15489814102365;handle;fi;;;13720; 
PRODUCT;'15489814102365;product_type;fi;;;Apparel; 
PRODUCT;'15489821147485;title;fi;;;"Kids Set-in Sweat";"Lasten Premium College"
PRODUCT;'15489821147485;body_html;fi;;;"""• Material: 70% cotton, 30% polyester
PRODUCT;'15489821147485;handle;fi;;;20310; 
PRODUCT;'15489821147485;product_type;fi;;;Kids Sweats; 
PRODUCT;'15489822785885;title;fi;;;"Premium Zip-neck Sweat";"Premium Zip Neck College"
PRODUCT;'15489822785885;body_html;fi;;;"""• Material: 70% cotton, 30% polyester
PRODUCT;'15489822785885;handle;fi;;;20320; 
PRODUCT;'15489822785885;product_type;fi;;;Apparel; 
PRODUCT;'15489823375709;title;fi;;;"Premium Zip Through Hooded Sweat";"Premium Vetoketjuhuppari"
PRODUCT;'15489823375709;body_html;fi;;;"""• Material: 70% cotton, 30% polyester
PRODUCT;'15489823375709;handle;fi;;;20340; 
PRODUCT;'15489823375709;product_type;fi;;;Apparel; 
PRODUCT;'15489825407325;title;fi;;;"Classic Hooded Sweat Jacket";"Classic Vetoketjuhuppari"
PRODUCT;'15489825407325;body_html;fi;;;"""• Material: 80% cotton, 20% polyester
PRODUCT;'15489825407325;handle;fi;;;20620; 
PRODUCT;'15489825407325;product_type;fi;;;Apparel; 
PRODUCT;'15490009301341;title;fi;;;"Lady-fit Premium Sweat Jacket";"Naisten Premium College Full Zip"
PRODUCT;'15490009301341;body_html;fi;;;"""• Material: 70% cotton, 30% polyester
PRODUCT;'15490009301341;handle;fi;;;21160; 
PRODUCT;'15490009301341;product_type;fi;;;Apparel; 
PRODUCT;'15490012217693;title;fi;;;"Lady-fit Premium Hooded Sweat Jacket";"Naisten Premium Vetoketjuhuppari"
PRODUCT;'15490012217693;body_html;fi;;;"""• Material: 70% cotton, 30% polyester
PRODUCT;'15490012217693;handle;fi;;;21180; 
PRODUCT;'15490012217693;product_type;fi;;;Apparel; 
PRODUCT;'15490012807517;title;fi;;;"Classic Set-in Sweat";"Classic College"
PRODUCT;'15490012807517;body_html;fi;;;"""• Material: 80% cotton Belcoro® yarn, 20% polyester
PRODUCT;'15490012807517;handle;fi;;;22020; 
PRODUCT;'15490012807517;product_type;fi;;;Apparel; 
PRODUCT;'15490024210781;title;fi;;;"Classic Hooded Sweat";"Classic Huppari"
PRODUCT;'15490024210781;body_html;fi;;;"""• Material: 80% cotton Belcoro® yarn, 20% polyester
PRODUCT;'15490024210781;handle;fi;;;22080; 
PRODUCT;'15490024210781;product_type;fi;;;Apparel; 
PRODUCT;'15490038169949;title;fi;;;"Premium Sweat Jacket";"Premium College Full Zip"
PRODUCT;'15490038169949;body_html;fi;;;"""• Material: 70% cotton, 30% polyester
PRODUCT;'15490038169949;handle;fi;;;22280; 
PRODUCT;'15490038169949;product_type;fi;;;Outlet - discontinued items; 
PRODUCT;'15490039349597;title;fi;;;"Lady-fit Premium Polo";"Naisten Premium Pikee"
PRODUCT;'15490039349597;body_html;fi;;;"""• Material: 100% cotton
PRODUCT;'15490039349597;handle;fi;;;30300; 
PRODUCT;'15490039349597;product_type;fi;;;Apparel; 
PRODUCT;'15490042528093;title;fi;;;"Premium Polo";"Premium Pikee"
PRODUCT;'15490042528093;body_html;fi;;;"""• Material: 100% cotton (Ash 90% cotton, 10% polyester)
PRODUCT;'15490042528093;handle;fi;;;32180; 
PRODUCT;'15490042528093;product_type;fi;;;Apparel; 
PRODUCT;'15490043609437;title;fi;;;"65/35 Polo";"65/35 Pikee"
PRODUCT;'15490043609437;body_html;fi;;;"""• Material: Easy care 65% polyester, 35% cotton
PRODUCT;'15490043609437;handle;fi;;;34020; 
PRODUCT;'15490043609437;product_type;fi;;;Apparel; 
PRODUCT;'15490051113309;title;fi;;;"Classic Elasticated Cuff Jog Pants";"Classic Collegehousut"
PRODUCT;'15490051113309;body_html;fi;;;"""• Material: 80% cotton, 20% polyester
PRODUCT;'15490051113309;handle;fi;;;40260; 
PRODUCT;'15490051113309;product_type;fi;;;Jog pants; 
PRODUCT;'15490056913245;title;fi;;;"Premium Elasticated Cuff Jog Pants";"Premium Collegehousut"
PRODUCT;'15490056913245;body_html;fi;;;"""• Material: 70% cotton, 30% polyester
PRODUCT;'15490056913245;handle;fi;;;40400; 
PRODUCT;'15490056913245;product_type;fi;;;Trousers and jog pants; 
PRODUCT;'15490062582109;title;fi;;;"Orion Reflective Mittens";"Orion Heijastavat Lapaset"
PRODUCT;'15490062582109;body_html;fi;;;"""• Reflective part: 62% acrylic 38% polyester
PRODUCT;'15490062582109;handle;fi;;;910678; 
PRODUCT;'15490062582109;product_type;fi;;;Apparel; 
PRODUCT;'15490066645341;title;fi;;;Softshell Sports Tech Gloves; 
PRODUCT;'15490066645341;body_html;fi;;;"• 93% Polyester/ 7% Elastane
PRODUCT;'15490066645341;handle;fi;;;b310; 
PRODUCT;'15490066645341;product_type;fi;;;Apparel; 
PRODUCT;'15490070937949;title;fi;;;Touchscreen Smart Gloves; 
PRODUCT;'15490070937949;body_html;fi;;;"• 100% Soft Touch Acrylic + aluminium
PRODUCT;'15490070937949;handle;fi;;;b490; 
PRODUCT;'15490070937949;product_type;fi;;;Accessories; 
PRODUCT;'15490073690461;title;fi;;;Fedora; 
PRODUCT;'15490073690461;body_html;fi;;;"• 80% Polyester, 20% Cotton
PRODUCT;'15490073690461;handle;fi;;;b630; 
PRODUCT;'15490073690461;product_type;fi;;;Apparel; 
PRODUCT;'15490076901725;title;fi;;;Reversible Bucket Hat; 
PRODUCT;'15490076901725;body_html;fi;;;"• 100% Cotton Twill
PRODUCT;'15490076901725;handle;fi;;;b686; 
PRODUCT;'15490076901725;product_type;fi;;;Apparel; 
PRODUCT;'15490080211293;title;fi;;;Ladies Coolplus Polo Shirt; 
PRODUCT;'15490080211293;body_html;fi;;;"• Material: 100% Polyester
PRODUCT;'15490080211293;handle;fi;;;h476; 
PRODUCT;'15490080211293;product_type;fi;;;Apparel; 
PRODUCT;'15490083914077;title;fi;;;Magni Workpants; 
PRODUCT;'15490083914077;body_html;fi;;;"Magni series is for the new, modern tradesman not willing to compromise between style and function. We use our knowledge from creating outdoor and expedition apparel in sportswear and combining this with almost 140 years of workwear experience to push our boundaries. Magni workpant is the ultimate pant for hard work, with an aggressive design and a new 4-way stretch fabric. Cordura® fabric reinforced kneepad pockets, ruler pocket and bottom hem for extra durability. A padded, waterproof cell phone pocket and detachable hanging pocket makes this pant perfect for all type of work. Combine it with a Magni jacket or t-shirt for a modern, sporty look when you want to make a statement.
PRODUCT;'15490083914077;handle;fi;;;hh76563; 
PRODUCT;'15490083914077;product_type;fi;;;Apparel; 
PRODUCT;'15490088829277;title;fi;;;Chelsea Evolution Pants; 
PRODUCT;'15490088829277;body_html;fi;;;"Ready for the next level? Our Chelsea Evolution pant gives you the best of two worlds – a durable material that guaranties ease in movement. The 4- Way stretch fabric in polyamide combined with our legendary Chelsea cotton rich fabric delivers this promise. Modern fit, improved pocket solutions, extraordinary design lines combined with our iconic Chelsea features makes this to your new best workmate. Join the Evolution.
PRODUCT;'15490088829277;handle;fi;;;hh77441; 
PRODUCT;'15490088829277;product_type;fi;;;Apparel; 
PRODUCT;'15490093154653;title;fi;;;Chelsea Evolution Service Pants; 
PRODUCT;'15490093154653;body_html;fi;;;"The Chelsea Evolution Service Pant combines our 4-way stretch with our durable Chelsea cotton fabric that guarantees ease in movement on hot summer days.
PRODUCT;'15490093154653;handle;fi;;;hh77445; 
PRODUCT;'15490093154653;product_type;fi;;;Apparel; 
PRODUCT;'15490094596445;title;fi;;;Chelsea Evolution Service Camo Pants; 
PRODUCT;'15490094596445;body_html;fi;;;"• 4-Way Stretch
PRODUCT;'15490094596445;handle;fi;;;hh77445c; 
PRODUCT;'15490094596445;product_type;fi;;;Apparel; 
PRODUCT;'15490098069853;title;fi;;;Icu Hi Vis Class 1 Stretch Pants; 
PRODUCT;'15490098069853;body_html;fi;;;"• EN ISO 20471 cl 1 Hi vis 
PRODUCT;'15490098069853;handle;fi;;;hh77471; 
PRODUCT;'15490098069853;product_type;fi;;;Apparel; 
PRODUCT;'15490102034781;title;fi;;;Kensington Shorts; 
PRODUCT;'15490102034781;body_html;fi;;;"Flexible and comfortable shorts for many uses.
PRODUCT;'15490102034781;handle;fi;;;hh77580; 
PRODUCT;'15490102034781;product_type;fi;;;Apparel; 
PRODUCT;'15490107212125;title;fi;;;Icu Sweatshirt; 
PRODUCT;'15490107212125;body_html;fi;;;"• Hi-vis fabric: 80% cotton, 20% polyester, 320gsm
PRODUCT;'15490107212125;handle;fi;;;hh79272; 
PRODUCT;'15490107212125;product_type;fi;;;Apparel; 
PRODUCT;'15490110128477;title;fi;;;Heavy Duty T-shirt; 
PRODUCT;'15490110128477;body_html;fi;;;"This premium T-Shirt has been specifically designed for the manual workplace and combines extra reinforcements and exceptional durability with comfort
PRODUCT;'15490110128477;handle;fi;;;j010m; 
PRODUCT;'15490110128477;product_type;fi;;;Workwear; 
PRODUCT;'15490112487773;title;fi;;;Naisten Authentic Classic T; 
PRODUCT;'15490112487773;body_html;fi;;;"• 100 % rengaskehrättyä puuvillaa, tiheä neulos
PRODUCT;'15490112487773;handle;fi;;;j180f; 
PRODUCT;'15490112487773;product_type;fi;;;Apparel; 
PRODUCT;'15490113864029;title;fi;;;Classic T-shirt; 
PRODUCT;'15490113864029;body_html;fi;;;"The classic t-shirt that sets the standard for fabric and production quality, durability and wearer comfort.
PRODUCT;'15490113864029;handle;fi;;;j180m; 
PRODUCT;'15490113864029;product_type;fi;;;Apparel; 
PRODUCT;'15490114355549;title;fi;;;Classic Set-in Sleeve Sweatshirt - XS; 
PRODUCT;'15490114355549;body_html;fi;;;"• Material: 80% cotton, 20% polyesteri
PRODUCT;'15490114355549;handle;fi;;;j262m-size-xs; 
PRODUCT;'15490114355549;product_type;fi;;;Apparel; 
PRODUCT;'15490114552157;title;fi;;;Classic Set-in Sleeve Sweatshirt - S; 
PRODUCT;'15490114552157;body_html;fi;;;"• Material: 80% cotton, 20% polyesteri
PRODUCT;'15490114552157;handle;fi;;;j262m-size-s; 
PRODUCT;'15490114552157;product_type;fi;;;Apparel; 
PRODUCT;'15490114912605;title;fi;;;Classic Set-in Sleeve Sweatshirt - M; 
PRODUCT;'15490114912605;body_html;fi;;;"• Material: 80% cotton, 20% polyesteri
PRODUCT;'15490114912605;handle;fi;;;j262m-size-m; 
PRODUCT;'15490114912605;product_type;fi;;;Apparel; 
PRODUCT;'15490115404125;title;fi;;;Classic Set-in Sleeve Sweatshirt - L; 
PRODUCT;'15490115404125;body_html;fi;;;"• Material: 80% cotton, 20% polyesteri
PRODUCT;'15490115404125;handle;fi;;;j262m-size-l; 
PRODUCT;'15490115404125;product_type;fi;;;Apparel; 
PRODUCT;'15490115928413;title;fi;;;Classic Set-in Sleeve Sweatshirt - XL; 
PRODUCT;'15490115928413;body_html;fi;;;"• Material: 80% cotton, 20% polyesteri
PRODUCT;'15490115928413;handle;fi;;;j262m-size-xl; 
PRODUCT;'15490115928413;product_type;fi;;;Apparel; 
PRODUCT;'15490116551005;title;fi;;;Classic Set-in Sleeve Sweatshirt - XXL; 
PRODUCT;'15490116551005;body_html;fi;;;"• Material: 80% cotton, 20% polyesteri
PRODUCT;'15490116551005;handle;fi;;;j262m-size-xxl; 
PRODUCT;'15490116551005;product_type;fi;;;Apparel; 
PRODUCT;'15490116911453;title;fi;;;Classic Set-in Sleeve Sweatshirt - 3XL; 
PRODUCT;'15490116911453;body_html;fi;;;"• Material: 80% cotton, 20% polyesteri
PRODUCT;'15490116911453;handle;fi;;;j262m-size-3xl; 
PRODUCT;'15490116911453;product_type;fi;;;Apparel; 
PRODUCT;'15490117337437;title;fi;;;Classic Set-in Sleeve Sweatshirt - 4XL; 
PRODUCT;'15490117337437;body_html;fi;;;"• Material: 80% cotton, 20% polyesteri
PRODUCT;'15490117337437;handle;fi;;;j262m-size-4xl; 
PRODUCT;'15490117337437;product_type;fi;;;Apparel; 
PRODUCT;'15490117828957;title;fi;;;Classic Set-in Sleeve Sweatshirt - 5XL; 
PRODUCT;'15490117828957;body_html;fi;;;"• Material: 80% cotton, 20% polyesteri
PRODUCT;'15490117828957;handle;fi;;;j262m-size-5xl; 
PRODUCT;'15490117828957;product_type;fi;;;Apparel; 
PRODUCT;'15490173108573;title;fi;;;Ladies Authentic Hoodie; 
PRODUCT;'15490173108573;body_html;fi;;;"• Material: 80 % Combed ring spun cotton 20% Polyester (3 layer fabric)
PRODUCT;'15490173108573;handle;fi;;;j265f; 
PRODUCT;'15490173108573;product_type;fi;;;Apparel; 
PRODUCT;'15490183332189;title;fi;;;Authentic Hoodie - XS; 
PRODUCT;'15490183332189;body_html;fi;;;"• Material: 80 % Combed ring spun cotton 20% Polyester (3 layer fabric)
PRODUCT;'15490183332189;handle;fi;;;j265m-size-xs; 
PRODUCT;'15490183332189;product_type;fi;;;Apparel; 
PRODUCT;'15490183725405;title;fi;;;Authentic Hoodie - S; 
PRODUCT;'15490183725405;body_html;fi;;;"• Material: 80 % Combed ring spun cotton 20% Polyester (3 layer fabric)
PRODUCT;'15490183725405;handle;fi;;;j265m-size-s; 
PRODUCT;'15490183725405;product_type;fi;;;Apparel; 
PRODUCT;'15490184151389;title;fi;;;Authentic Hoodie - M; 
PRODUCT;'15490184151389;body_html;fi;;;"• Material: 80 % Combed ring spun cotton 20% Polyester (3 layer fabric)
PRODUCT;'15490184151389;handle;fi;;;j265m-size-m; 
PRODUCT;'15490184151389;product_type;fi;;;Apparel; 
PRODUCT;'15490184511837;title;fi;;;Authentic Hoodie - L; 
PRODUCT;'15490184511837;body_html;fi;;;"• Material: 80 % Combed ring spun cotton 20% Polyester (3 layer fabric)
PRODUCT;'15490184511837;handle;fi;;;j265m-size-l; 
PRODUCT;'15490184511837;product_type;fi;;;Apparel; 
PRODUCT;'15490184970589;title;fi;;;Authentic Hoodie - XL; 
PRODUCT;'15490184970589;body_html;fi;;;"• Material: 80 % Combed ring spun cotton 20% Polyester (3 layer fabric)
PRODUCT;'15490184970589;handle;fi;;;j265m-size-xl; 
PRODUCT;'15490184970589;product_type;fi;;;Apparel; 
PRODUCT;'15490185232733;title;fi;;;Authentic Hoodie - XXL; 
PRODUCT;'15490185232733;body_html;fi;;;"• Material: 80 % Combed ring spun cotton 20% Polyester (3 layer fabric)
PRODUCT;'15490185232733;handle;fi;;;j265m-size-xxl; 
PRODUCT;'15490185232733;product_type;fi;;;Apparel; 
PRODUCT;'15490185527645;title;fi;;;Authentic Hoodie - 3XL; 
PRODUCT;'15490185527645;body_html;fi;;;"• Material: 80 % Combed ring spun cotton 20% Polyester (3 layer fabric)
PRODUCT;'15490185527645;handle;fi;;;j265m-size-3xl; 
PRODUCT;'15490185527645;product_type;fi;;;Apparel; 
PRODUCT;'15490185888093;title;fi;;;Authentic Hoodie - 4XL; 
PRODUCT;'15490185888093;body_html;fi;;;"• Material: 80 % Combed ring spun cotton 20% Polyester (3 layer fabric)
PRODUCT;'15490185888093;handle;fi;;;j265m-size-4xl; 
PRODUCT;'15490185888093;product_type;fi;;;Apparel; 
PRODUCT;'15490186117469;title;fi;;;Authentic Hoodie - 5XL; 
PRODUCT;'15490186117469;body_html;fi;;;"• Material: 80 % Combed ring spun cotton 20% Polyester (3 layer fabric)
PRODUCT;'15490186117469;handle;fi;;;j265m-size-5xl; 
PRODUCT;'15490186117469;product_type;fi;;;Apparel; 
PRODUCT;'15490248016221;title;fi;;;Ladies Authentic Zipped Hoodie; 
PRODUCT;'15490248016221;body_html;fi;;;"• Material: 80 % Combed ring spun cotton 20% Polyester (3 layer fabric)
PRODUCT;'15490248016221;handle;fi;;;j266f; 
PRODUCT;'15490248016221;product_type;fi;;;Apparel; 
PRODUCT;'15490256306525;title;fi;;;Authentic Zipped Hoodie; 
PRODUCT;'15490256306525;body_html;fi;;;"• Contemporary fit &amp; modern design
PRODUCT;'15490256306525;handle;fi;;;j266m; 
PRODUCT;'15490256306525;product_type;fi;;;Apparel; 
PRODUCT;'15490264007005;title;fi;;;Authentic Cuffed Jog Pants; 
PRODUCT;'15490264007005;body_html;fi;;;"Premium Authentic Jog Pants completes your leisure look with its contemporary fit and modern design.
PRODUCT;'15490264007005;handle;fi;;;j268m; 
PRODUCT;'15490264007005;product_type;fi;;;Apparel; 
PRODUCT;'15490269118813;title;fi;;;Authentic Quarter Zip College; 
PRODUCT;'15490269118813;body_html;fi;;;"Our premium Authentic 1/4 Zip Sweat with its contemporary fit and modern design is the perfect addition to our existing high-quality Authentic range.
PRODUCT;'15490269118813;handle;fi;;;j270m; 
PRODUCT;'15490269118813;product_type;fi;;;Apparel; 
PRODUCT;'15490271936861;title;fi;;;Ladies Stretch Polo; 
PRODUCT;'15490271936861;body_html;fi;;;"• Material: 95 % cotton, 5 % Lycra
PRODUCT;'15490271936861;handle;fi;;;j566f; 
PRODUCT;'15490271936861;product_type;fi;;;Apparel; 
PRODUCT;'15490273116509;title;fi;;;Men's Stretch Polo; 
PRODUCT;'15490273116509;body_html;fi;;;"• Material: 95 % cotton, 5 % Lycra
PRODUCT;'15490273116509;handle;fi;;;j566m; 
PRODUCT;'15490273116509;product_type;fi;;;Apparel; 
PRODUCT;'15490276524381;title;fi;;;Kids Cool T-shirt; 
PRODUCT;'15490276524381;body_html;fi;;;"• Material: 100% polyester
PRODUCT;'15490276524381;handle;fi;;;jc001j; 
PRODUCT;'15490276524381;product_type;fi;;;Kids; 
PRODUCT;'15490284454237;title;fi;;;Longsleeve Cool T; 
PRODUCT;'15490284454237;body_html;fi;;;"• Material: 100% polyester
PRODUCT;'15490284454237;handle;fi;;;jc002; 
PRODUCT;'15490284454237;product_type;fi;;;Technical t-shirts; 
PRODUCT;'15490288648541;title;fi;;;Girlie Cool T-shirt; 
PRODUCT;'15490288648541;body_html;fi;;;"• Material: 100% polyester
PRODUCT;'15490288648541;handle;fi;;;jc005; 
PRODUCT;'15490288648541;product_type;fi;;;Sport- and teamwear; 
PRODUCT;'15490296480093;title;fi;;;Cool Racerback T; 
PRODUCT;'15490296480093;body_html;fi;;;"• Material: 100 % polyester
PRODUCT;'15490296480093;handle;fi;;;jc007; 
PRODUCT;'15490296480093;product_type;fi;;;Apparel; 
PRODUCT;'15490297856349;title;fi;;;Women's Long Sleeve Cool T; 
PRODUCT;'15490297856349;body_html;fi;;;"<p>This set in long sleeve design provides breathability thanks to the Neoteric™ fabric used. With a girlie fit for a flattering, feminine look this top is a great option for making training on colder days that little bit easier. • 100 % Polyester • Fabric Weight: 140 gsm</p>
PRODUCT;'15490297856349;handle;fi;;;jc012; 
PRODUCT;'15490297856349;product_type;fi;;;Sport- and teamwear; 
PRODUCT;'15490299887965;title;fi;;;Girlie Cool Racer Back Vest; 
PRODUCT;'15490299887965;body_html;fi;;;"• 100 % polyester
PRODUCT;'15490299887965;handle;fi;;;jc015; 
PRODUCT;'15490299887965;product_type;fi;;;Technical t-shirts; 
PRODUCT;'15490300346717;title;fi;;;Girlie Athletic Leggings; 
PRODUCT;'15490300346717;body_html;fi;;;"• Material: 87% polyester, 13% spandex
PRODUCT;'15490300346717;handle;fi;;;jc087; 
PRODUCT;'15490300346717;product_type;fi;;;Apparel; 
PRODUCT;'15490301886813;title;fi;;;College Hoodie - XS; 
PRODUCT;'15490301886813;body_html;fi;;;"• Material: 80% Ringspun Cotton 20% Polyester
PRODUCT;'15490301886813;handle;fi;;;jh001-size-xs; 
PRODUCT;'15490301886813;product_type;fi;;;Apparel; 
PRODUCT;'15490302083421;title;fi;;;College Hoodie - S; 
PRODUCT;'15490302083421;body_html;fi;;;"• Material: 80% Ringspun Cotton 20% Polyester
PRODUCT;'15490302083421;handle;fi;;;jh001-size-s; 
PRODUCT;'15490302083421;product_type;fi;;;Apparel; 
PRODUCT;'15490302247261;title;fi;;;College Hoodie - M; 
PRODUCT;'15490302247261;body_html;fi;;;"• Material: 80% Ringspun Cotton 20% Polyester
PRODUCT;'15490302247261;handle;fi;;;jh001-size-m; 
PRODUCT;'15490302247261;product_type;fi;;;Apparel; 
PRODUCT;'15490302542173;title;fi;;;College Hoodie - L; 
PRODUCT;'15490302542173;body_html;fi;;;"• Material: 80% Ringspun Cotton 20% Polyester
PRODUCT;'15490302542173;handle;fi;;;jh001-size-l; 
PRODUCT;'15490302542173;product_type;fi;;;Apparel; 
PRODUCT;'15490302804317;title;fi;;;College Hoodie - XL; 
PRODUCT;'15490302804317;body_html;fi;;;"• Material: 80% Ringspun Cotton 20% Polyester
PRODUCT;'15490302804317;handle;fi;;;jh001-size-xl; 
PRODUCT;'15490302804317;product_type;fi;;;Apparel; 
PRODUCT;'15490303164765;title;fi;;;College Hoodie - XXL; 
PRODUCT;'15490303164765;body_html;fi;;;"• Material: 80% Ringspun Cotton 20% Polyester
PRODUCT;'15490303164765;handle;fi;;;jh001-size-xxl; 
PRODUCT;'15490303164765;product_type;fi;;;Apparel; 
PRODUCT;'15490303721821;title;fi;;;College Hoodie - 3XL; 
PRODUCT;'15490303721821;body_html;fi;;;"• Material: 80% Ringspun Cotton 20% Polyester
PRODUCT;'15490303721821;handle;fi;;;jh001-size-3xl; 
PRODUCT;'15490303721821;product_type;fi;;;Apparel; 
PRODUCT;'15490303983965;title;fi;;;College Hoodie - 4XL; 
PRODUCT;'15490303983965;body_html;fi;;;"• Material: 80% Ringspun Cotton 20% Polyester
PRODUCT;'15490303983965;handle;fi;;;jh001-size-4xl; 
PRODUCT;'15490303983965;product_type;fi;;;Apparel; 
PRODUCT;'15490304115037;title;fi;;;College Hoodie - 5XL; 
PRODUCT;'15490304115037;body_html;fi;;;"• Material: 80% Ringspun Cotton 20% Polyester
PRODUCT;'15490304115037;handle;fi;;;jh001-size-5xl; 
PRODUCT;'15490304115037;product_type;fi;;;Apparel; 
PRODUCT;'15490458911069;title;fi;;;Ladies Hoodie Dress; 
PRODUCT;'15490458911069;body_html;fi;;;"• Material: 80% Ringspun Cotton, 20% Polyester
PRODUCT;'15490458911069;handle;fi;;;jh015; 
PRODUCT;'15490458911069;product_type;fi;;;Apparel; 
PRODUCT;'15490467889501;title;fi;;;Varsity Jacket; 
PRODUCT;'15490467889501;body_html;fi;;;"• 80% cotton, 20% polyester
PRODUCT;'15490467889501;handle;fi;;;jh043; 
PRODUCT;'15490467889501;product_type;fi;;;Apparel; 
PRODUCT;'15490480734557;title;fi;;;Knitted Tracksuit Top; 
PRODUCT;'15490480734557;body_html;fi;;;"• Material: 95% polyester, 5% elastane
PRODUCT;'15490480734557;handle;fi;;;lv871; 
PRODUCT;'15490480734557;product_type;fi;;;Apparel; 
PRODUCT;'15490488205661;title;fi;;;Knitted Tracksuit Pants; 
PRODUCT;'15490488205661;body_html;fi;;;"• Material: 95% polyester 5% elastane
PRODUCT;'15490488205661;handle;fi;;;lv881; 
PRODUCT;'15490488205661;product_type;fi;;;Apparel; 
PRODUCT;'15490493808989;title;fi;;;Ladies Team Legging; 
PRODUCT;'15490493808989;body_html;fi;;;"High-waisted legging are perfect for everyday wear.
PRODUCT;'15490493808989;handle;fi;;;lv896; 
PRODUCT;'15490493808989;product_type;fi;;;Apparel; 
PRODUCT;'15490495906141;title;fi;;;Organic Bodysuit; 
PRODUCT;'15490495906141;body_html;fi;;;"• Material: 100% orgaanic cotton
PRODUCT;'15490495906141;handle;fi;;;lw655; 
PRODUCT;'15490495906141;product_type;fi;;;Apparel; 
PRODUCT;'15490498822493;title;fi;;;Essential Chef's Cargo Pocket Trousers; 
PRODUCT;'15490498822493;body_html;fi;;;"These chef's trousers are designed with classic cargo style pockets on both legs that fasten down with hook-and-loop self-adhesive strips. The waistband is elasticated for comfort with a draw cord for adjustment. Single rear patch pocket with hook and loop strip fastening.
PRODUCT;'15490498822493;handle;fi;;;pr555; 
PRODUCT;'15490498822493;product_type;fi;;;Apparel; 
PRODUCT;'15490502328669;title;fi;;;Artisan Chef's Jogging Trousers; 
PRODUCT;'15490502328669;body_html;fi;;;"A super comfy pair of chef’s jogging trousers with a classic cuffed ankle. Easy pull-on style with an elasticated waist and draw cord for adjustment. Features a stitched faux fly and swing pockets. To the back there are two handy patch pockets. A cotton-rich knit achieves a very soft and comfortable trouser for chef's teams.
PRODUCT;'15490502328669;handle;fi;;;pr556; 
PRODUCT;'15490502328669;product_type;fi;;;Apparel; 
PRODUCT;'15490504294749;title;fi;;;Coolchecker Polo; 
PRODUCT;'15490504294749;body_html;fi;;;"• Material: 100% polyester
PRODUCT;'15490504294749;handle;fi;;;pr615; 
PRODUCT;'15490504294749;product_type;fi;;;Apparel; 
PRODUCT;'15490510586205;title;fi;;;Ladies Coolchecker Polo; 
PRODUCT;'15490510586205;body_html;fi;;;"• Material: 100% polyester
PRODUCT;'15490510586205;handle;fi;;;pr616; 
PRODUCT;'15490510586205;product_type;fi;;;Apparel; 
PRODUCT;'15490512093533;title;fi;;;Safe-guard Recycled Safety T-shirt; 
PRODUCT;'15490512093533;body_html;fi;;;"Cool and breathable, an eye-catching and comfortable, safety T-shirt in soft mesh recycled fabric with Hi Tech Stretch.
PRODUCT;'15490512093533;handle;fi;;;r502; 
PRODUCT;'15490512093533;product_type;fi;;;Workwear; 
PRODUCT;'15490514616669;title;fi;;;Kansas Flex Cap; 
PRODUCT;'15490514616669;body_html;fi;;;"<p>• 260g/m² 98% Cotton, 2% Elastane • 6 panel • Stiffened front panels • Pre-curved peak with 6 stitch lines • Stitched eyelets • Stud button • Elasticised FLEX CORE sweatband • Tear away label • Recycled PU peak • One size- easy fit sweatband • Suitable for embroidery</p>
PRODUCT;'15490514616669;handle;fi;;;rc85; 
PRODUCT;'15490514616669;product_type;fi;;;Apparel; 
PRODUCT;'15490517827933;title;fi;;;Performance Aircool Tee; 
PRODUCT;'15490517827933;body_html;fi;;;"• Material: 100% Polyester eye bird mesh
PRODUCT;'15490517827933;handle;fi;;;s287; 
PRODUCT;'15490517827933;product_type;fi;;;Apparel; 
PRODUCT;'15490527658333;title;fi;;;Basic Tee; 
PRODUCT;'15490527658333;body_html;fi;;;"One of the best promotion T-shirts, now with an improved fit. Made of long fiber cotton. Ideal for printing.
PRODUCT;'15490527658333;handle;fi;;;t1000; 
PRODUCT;'15490527658333;product_type;fi;;;Apparel; 
PRODUCT;'15490533327197;title;fi;;;Power Tee; 
PRODUCT;'15490533327197;body_html;fi;;;"One of the best promotional T-shirts in single jersey 140 gsm organic cotton in its cost effective pricerange. A wide range of sizes also makes the Power Tee an excellent choice for your next Powerfull direct marketing action. It has a tubular body and a tear away label.
PRODUCT;'15490533327197;handle;fi;;;t1100; 
PRODUCT;'15490533327197;product_type;fi;;;Apparel; 
PRODUCT;'15490540044637;title;fi;;;Heavy Polo; 
PRODUCT;'15490540044637;body_html;fi;;;"This is one of bestselling classics. The firm and crisp fabric and the slightly slimmer fit and sleeve shape make this polo great for casual or promotional wear. You can proudly add your logo to this high-quality shirt.
PRODUCT;'15490540044637;handle;fi;;;t1400; 
PRODUCT;'15490540044637;product_type;fi;;;Apparel; 
PRODUCT;'15490543780189;title;fi;;;Ladies Heavy Polo; 
PRODUCT;'15490543780189;body_html;fi;;;"This is one of bestselling classics. The firm and crisp fabric and the slightly slimmer fit and sleeve shape make this polo great for casual or promotional wear. You can proudly add your logo to this high-quality shirt.
PRODUCT;'15490543780189;handle;fi;;;t1401; 
PRODUCT;'15490543780189;product_type;fi;;;Apparel; 
PRODUCT;'15490544304477;title;fi;;;Luxury Stretch Polo - S; 
PRODUCT;'15490544304477;body_html;fi;;;"The ultimate polo shirt. This cotton/elastane fabric ensures the best comfort and fitting. The tailored
PRODUCT;'15490544304477;handle;fi;;;t1405-size-s; 
PRODUCT;'15490544304477;product_type;fi;;;Apparel; 
PRODUCT;'15490544664925;title;fi;;;Luxury Stretch Polo - M; 
PRODUCT;'15490544664925;body_html;fi;;;"The ultimate polo shirt. This cotton/elastane fabric ensures the best comfort and fitting. The tailored
PRODUCT;'15490544664925;handle;fi;;;t1405-size-m; 
PRODUCT;'15490544664925;product_type;fi;;;Apparel; 
PRODUCT;'15490544894301;title;fi;;;Luxury Stretch Polo - L; 
PRODUCT;'15490544894301;body_html;fi;;;"The ultimate polo shirt. This cotton/elastane fabric ensures the best comfort and fitting. The tailored
PRODUCT;'15490544894301;handle;fi;;;t1405-size-l; 
PRODUCT;'15490544894301;product_type;fi;;;Apparel; 
PRODUCT;'15490545320285;title;fi;;;Luxury Stretch Polo - XL; 
PRODUCT;'15490545320285;body_html;fi;;;"The ultimate polo shirt. This cotton/elastane fabric ensures the best comfort and fitting. The tailored
PRODUCT;'15490545320285;handle;fi;;;t1405-size-xl; 
PRODUCT;'15490545320285;product_type;fi;;;Apparel; 
PRODUCT;'15490545746269;title;fi;;;Luxury Stretch Polo - XXL; 
PRODUCT;'15490545746269;body_html;fi;;;"The ultimate polo shirt. This cotton/elastane fabric ensures the best comfort and fitting. The tailored
PRODUCT;'15490545746269;handle;fi;;;t1405-size-xxl; 
PRODUCT;'15490545746269;product_type;fi;;;Apparel; 
PRODUCT;'15490546139485;title;fi;;;Luxury Stretch Polo - 3XL; 
PRODUCT;'15490546139485;body_html;fi;;;"The ultimate polo shirt. This cotton/elastane fabric ensures the best comfort and fitting. The tailored
PRODUCT;'15490546139485;handle;fi;;;t1405-size-3xl; 
PRODUCT;'15490546139485;product_type;fi;;;Apparel; 
PRODUCT;'15490546434397;title;fi;;;Luxury Stretch Polo - 4XL; 
PRODUCT;'15490546434397;body_html;fi;;;"The ultimate polo shirt. This cotton/elastane fabric ensures the best comfort and fitting. The tailored
PRODUCT;'15490546434397;handle;fi;;;t1405-size-4xl; 
PRODUCT;'15490546434397;product_type;fi;;;Apparel; 
PRODUCT;'15490546794845;title;fi;;;Luxury Stretch Polo - 5XL; 
PRODUCT;'15490546794845;body_html;fi;;;"The ultimate polo shirt. This cotton/elastane fabric ensures the best comfort and fitting. The tailored
PRODUCT;'15490546794845;handle;fi;;;t1405-size-5xl; 
PRODUCT;'15490546794845;product_type;fi;;;Apparel; 
PRODUCT;'15490597093725;title;fi;;;Luxury Long Sleeve Polo; 
PRODUCT;'15490597093725;body_html;fi;;;"• Material: 95 % ringspun cotton, 5 % elastane
PRODUCT;'15490597093725;handle;fi;;;t1406; 
PRODUCT;'15490597093725;product_type;fi;;;Long sleeve polos; 
PRODUCT;'15490599485789;title;fi;;;Ladies Luxury Stretch Polo; 
PRODUCT;'15490599485789;body_html;fi;;;"The ultimate polo shirt. This cotton/elastane fabric ensures the best comfort and fitting. The tailored
PRODUCT;'15490599485789;handle;fi;;;t145; 
PRODUCT;'15490599485789;product_type;fi;;;Apparel; 
PRODUCT;'15490609119581;title;fi;;;Ladies Luxury Long Sleeve Polo; 
PRODUCT;'15490609119581;body_html;fi;;;"• Material: 95 % ringspun cotton, 5 % elastane
PRODUCT;'15490609119581;handle;fi;;;t146; 
PRODUCT;'15490609119581;product_type;fi;;;Long sleeve polos; 
PRODUCT;'15490611839325;title;fi;;;Ladies Stretch Tee; 
PRODUCT;'15490611839325;body_html;fi;;;"The perfect stretch ladies tee in 90% cotton and 10% elastane. Full feeder elastane for smoother fabric. Ideal for casual wear or any ladies uniform.
PRODUCT;'15490611839325;handle;fi;;;t450; 
PRODUCT;'15490611839325;product_type;fi;;;Apparel; 
PRODUCT;'15490614886749;title;fi;;;Ladies 3/4 Sleeve Stretch Tee; 
PRODUCT;'15490614886749;body_html;fi;;;"The perfect stretch ladies tee in 90% cotton and 10% elastane. Full feeder elastane for smoother fabric. Ideal for casual wear or any ladies uniform.
PRODUCT;'15490614886749;handle;fi;;;t460; 
PRODUCT;'15490614886749;product_type;fi;;;Long sleeve t-shirts; 
PRODUCT;'15490618098013;title;fi;;;Luxury Tee; 
PRODUCT;'15490618098013;body_html;fi;;;"Our Luxury Tee is, by far, the best quality single jersey T-shirt we have in our collection. The unique tailored fit, design and long fiber high quality cotton is matching the high end T-shirts you know from retail. Slightly fitted around shoulder and sleeves with loose body.
PRODUCT;'15490618098013;handle;fi;;;t5000; 
PRODUCT;'15490618098013;product_type;fi;;;Apparel; 
PRODUCT;'15490620293469;title;fi;;;Baseball Tee; 
PRODUCT;'15490620293469;body_html;fi;;;"• Material: 100% ringspun combed cotton. 
PRODUCT;'15490620293469;handle;fi;;;t5072; 
PRODUCT;'15490620293469;product_type;fi;;;Apparel; 
PRODUCT;'15490621768029;title;fi;;;Mens Interlock Tee; 
PRODUCT;'15490621768029;body_html;fi;;;"Made of ringspun longfiber 40 singles cotton to give a fine smooth fabric ideal for printing and embroidery. Body fit shaped.
PRODUCT;'15490621768029;handle;fi;;;t520; 
PRODUCT;'15490621768029;product_type;fi;;;Apparel; 
PRODUCT;'15490628714845;title;fi;;;Mens Longsleeve Interlock; 
PRODUCT;'15490628714845;body_html;fi;;;"Made of ringspun longfiber 40 singles cotton to give a fine smooth fabric ideal for printing and embroidery. Body fit shaped.
PRODUCT;'15490628714845;handle;fi;;;t530; 
PRODUCT;'15490628714845;product_type;fi;;;Long sleeve t-shirts; 
PRODUCT;'15490633826653;title;fi;;;Sweat Pants; 
PRODUCT;'15490633826653;body_html;fi;;;"Casual fashion sweats with comfort fit.
PRODUCT;'15490633826653;handle;fi;;;t5425; 
PRODUCT;'15490633826653;product_type;fi;;;Jog pants; 
PRODUCT;'15490634416477;title;fi;;;Hooded Sweatshirt; 
PRODUCT;'15490634416477;body_html;fi;;;"Sweatshirts are made of long fiber egyptian cotton. 3 thread fabric gives a unique smooth and soft surface. To make colours more bright, sweatshirts are double dyed.
PRODUCT;'15490634416477;handle;fi;;;t5430; 
PRODUCT;'15490634416477;product_type;fi;;;Apparel; 
PRODUCT;'15490639429981;title;fi;;;Ladies Hooded Sweatshirt; 
PRODUCT;'15490639429981;body_html;fi;;;"Sweatshirts are made of long fiber egyptian cotton. 3 thread fabric gives a unique smooth and soft surface. To make colours more bright, sweatshirts are double dyed.
PRODUCT;'15490639429981;handle;fi;;;t5431; 
PRODUCT;'15490639429981;product_type;fi;;;Apparel; 
PRODUCT;'15490641985885;title;fi;;;Mens Full Zip Hooded Sweat; 
PRODUCT;'15490641985885;body_html;fi;;;"Sweatshirts are made of long fiber egyptian cotton. 3 thread fabric gives a unique smooth and soft surface. To make colours more bright, sweatshirts are double dyed.
PRODUCT;'15490641985885;handle;fi;;;t5435; 
PRODUCT;'15490641985885;product_type;fi;;;Apparel; 
PRODUCT;'15490648179037;title;fi;;;Ladies Full Zip Hooded Sweat; 
PRODUCT;'15490648179037;body_html;fi;;;"Sweatshirts are made of long fiber egyptian cotton. 3 thread fabric gives a unique smooth and soft surface. To make colours more bright, sweatshirts are double dyed.
PRODUCT;'15490648179037;handle;fi;;;t5436; 
PRODUCT;'15490648179037;product_type;fi;;;Apparel; 
PRODUCT;'15490653159773;title;fi;;;Ladies Interlock Tee; 
PRODUCT;'15490653159773;body_html;fi;;;"New state of the art interlock quality. The combination of unique fabric and new design makes our new interlock one of the best in the market. Made of ringspun longfiber 40 singles cotton to give a fine smooth fabric ideal for printing and embroidery.
PRODUCT;'15490653159773;handle;fi;;;t580; 
PRODUCT;'15490653159773;product_type;fi;;;Apparel; 
PRODUCT;'15490660565341;title;fi;;;Ladies Longsleeve Interlock; 
PRODUCT;'15490660565341;body_html;fi;;;"Made of ringspun longfiber 40 singles cotton to give a fine smooth fabric ideal for printing and embroidery. Body fit shaped.
PRODUCT;'15490660565341;handle;fi;;;t590; 
PRODUCT;'15490660565341;product_type;fi;;;Long sleeve t-shirts; 
PRODUCT;'15490664759645;title;fi;;;Mens Fashion Cooldry T-shirt; 
PRODUCT;'15490664759645;body_html;fi;;;"The soft breathable and lightweight fabric gives this shirt a natural feel. CoolDry fabrics moves perspiration away from the body to the fabrics outer surface, where it can evaporate quickly.
PRODUCT;'15490664759645;handle;fi;;;t7020; 
PRODUCT;'15490664759645;product_type;fi;;;Technical t-shirts; 
PRODUCT;'15490673049949;title;fi;;;Ladies Fashion Cooldry T-shirt; 
PRODUCT;'15490673049949;body_html;fi;;;"The soft breathable and lightweight fabric gives this shirt a natural feel. CoolDry fabrics moves perspiration away from the body to the fabrics outer surface, where it can evaporate quickly.
PRODUCT;'15490673049949;handle;fi;;;t7021; 
PRODUCT;'15490673049949;product_type;fi;;;Technical t-shirts; 
PRODUCT;'15490682847581;title;fi;;;Long Sleeve Cooldry Tee; 
PRODUCT;'15490682847581;body_html;fi;;;"This Long Sleeve CoolDry Tee with flat lock seams ensures the best comfort. The tee is tailored fit with added stretch for better movement. It is moisture-wicking, quick-drying and easy to wash and care.
PRODUCT;'15490682847581;handle;fi;;;t7022; 
PRODUCT;'15490682847581;product_type;fi;;;Long sleeve t-shirts; 
PRODUCT;'15490686583133;title;fi;;;Sof Tee T; 
PRODUCT;'15490686583133;body_html;fi;;;"One of the best heavyweight T-shirts. Made of ringspun longfiber cotton to give a fine smooth fabric. Ideal for printing and embroidery.
PRODUCT;'15490686583133;handle;fi;;;t8000; 
PRODUCT;'15490686583133;product_type;fi;;;Apparel; 
PRODUCT;'15490694349149;title;fi;;;Mens Fashion Sof Tee; 
PRODUCT;'15490694349149;body_html;fi;;;"Made of ringspun longfiber cotton to give a fine smooth fabric ideal for printing and embroidery.
PRODUCT;'15490694349149;handle;fi;;;t8005; 
PRODUCT;'15490694349149;product_type;fi;;;Apparel; 
PRODUCT;'15490697036125;title;fi;;;Long Sleeve Fashion Sof Tee; 
PRODUCT;'15490697036125;body_html;fi;;;"• Material: 100% ringspun combed cotton
PRODUCT;'15490697036125;handle;fi;;;t8007; 
PRODUCT;'15490697036125;product_type;fi;;;Apparel; 
PRODUCT;'15490699821405;title;fi;;;Ladies Fashion Sof-tee; 
PRODUCT;'15490699821405;body_html;fi;;;"Made of ringspun longfiber cotton to give a fine smooth fabric ideal for printing and embroidery.
PRODUCT;'15490699821405;handle;fi;;;t8050; 
PRODUCT;'15490699821405;product_type;fi;;;Apparel; 
PRODUCT;'15490704245085;title;fi;;;Ladies Authentic Tee Pure Organic; 
PRODUCT;'15490704245085;body_html;fi;;;"High-quality, timelessly modern and sustainable. The AuthenticT Pure Organic sets new standards in terms of quality, fit and printability. A refined basic for every look.
PRODUCT;'15490704245085;handle;fi;;;j108f; 
PRODUCT;'15490704245085;product_type;fi;;;Apparel; 
PRODUCT;'15490707456349;title;fi;;;Authentic Tee Pure Organic; 
PRODUCT;'15490707456349;body_html;fi;;;"High-quality, timelessly modern and sustainable. The AuthenticT Pure Organic sets new standards in terms of quality, fit and printability. A refined basic for every look.
PRODUCT;'15490707456349;handle;fi;;;j108m; 
PRODUCT;'15490707456349;product_type;fi;;;Apparel; 
PRODUCT;'15490711519581;title;fi;;;Pima Pikee | Poistuva Väri; 
PRODUCT;'15490711519581;body_html;fi;;;"• Materiaali: 100 % rengaskehrättyä Pima -puuvillaa
PRODUCT;'15490711519581;handle;fi;;;poisto-t1440; 
PRODUCT;'15490711519581;product_type;fi;;;Apparel; 
PRODUCT;'15490711912797;title;fi;;;Naisten Luxury Stretch Pikee; 
PRODUCT;'15490711912797;body_html;fi;;;"Tyylikäs puuvilla-elastaanipikee jokapäiväiseen käyttöön. Joustava materiaali takaa parhaan käyttömukavuuden ja istuvuuden. Tiheä minipikeekangas ja litteä Lycra®-kaulus tekevät paidasta ainutlaatuisen.
PRODUCT;'15490711912797;handle;fi;;;poisto-t145; 
PRODUCT;'15490711912797;product_type;fi;;;Outlet - discontinued items; 
PRODUCT;'15490714992989;title;fi;;;Interlock Tee; 
PRODUCT;'15490714992989;body_html;fi;;;"Pehmeä, ylellisen tuntuinen interlock T-paita. Valmistettu rengaskehrätystä pitkäkuituisesta puuvillasta, joka tekee kankaasta sileäpintaisen. Ihanteellinen painatukseen ja brodeeraukseen.
PRODUCT;'15490714992989;handle;fi;;;poisto-t520; 
PRODUCT;'15490714992989;product_type;fi;;;Outlet - discontinued items; 
PRODUCT;'15490716336477;title;fi;;;Naisten Interlock Tee; 
PRODUCT;'15490716336477;body_html;fi;;;"Ainutlaatuisen kankaan ja uuden designin yhdistelmä tekee interlockista yhden parhaista tuotteista markkinoilla. 
PRODUCT;'15490716336477;handle;fi;;;poisto-t580; 
PRODUCT;'15490716336477;product_type;fi;;;Outlet - discontinued items; 
PRODUCT;'15490717155677;title;fi;;;Ladies Stretch Tee Extra Long; 
PRODUCT;'15490717155677;body_html;fi;;;"Designed for the perfect tight fit with extra length. The fine ligthweight stretch fabric gives great comfort.
PRODUCT;'15490717155677;handle;fi;;;t455; 
PRODUCT;'15490717155677;product_type;fi;;;V-neck; 
PRODUCT;'15490717811037;title;fi;;;Ladies Luxury Tee; 
PRODUCT;'15490717811037;body_html;fi;;;"Our Luxury Tee is, by far, the best quality single jersey T-shirt we have in our collection. The unique tailored fit, design and long fiber high quality cotton is matching the high end T-shirts you know from retail. Slightly fitted around shoulder and sleeves with loose body.
PRODUCT;'15490717811037;handle;fi;;;t5001; 
PRODUCT;'15490717811037;product_type;fi;;;Outlet - discontinued items; 
PRODUCT;'15490718466397;title;fi;;;Luxury V-neck Tee; 
PRODUCT;'15490718466397;body_html;fi;;;"Premium single jersey T-shirt with a deep V-neck. Made from high-quality, long-fibre
PRODUCT;'15490718466397;handle;fi;;;t5004; 
PRODUCT;'15490718466397;product_type;fi;;;V-neck; 
PRODUCT;'15490719482205;title;fi;;;Urban Sweat; 
PRODUCT;'15490719482205;body_html;fi;;;"Vintage inspired crew neck sweat made in the best 100% cotton quality.
PRODUCT;'15490719482205;handle;fi;;;t5400; 
PRODUCT;'15490719482205;product_type;fi;;;Outlet - discontinued items; 
PRODUCT;'15490721481053;title;fi;;;Urban Zip Hoodie; 
PRODUCT;'15490721481053;body_html;fi;;;"Vintage inspired Hooded Sweat in 100% pure cotton. Suited for cool urban life style in the city streets, work out in the gym or just for lazy weekends. This hoodie is a great choice for every day.
PRODUCT;'15490721481053;handle;fi;;;t5402; 
PRODUCT;'15490721481053;product_type;fi;;;Outlet - discontinued items; 
PRODUCT;'15490723119453;title;fi;;;Ladies Club Polo; 
PRODUCT;'15490723119453;body_html;fi;;;"Tailored fitted stretch women's Club Polo is made of recycled polyester fabric with 5% elastane. This stretchy fabric ensures the best comfort and mobility. Moisture-wicking, quick-drying and easy to wash and care.
PRODUCT;'15490723119453;handle;fi;;;t7001; 
PRODUCT;'15490723119453;product_type;fi;;;Outlet - discontinued items; 
PRODUCT;'15490773352797;title;fi;;;"Mini Promo Tote 4l";"Otava Heijastava Ostoskassi 15 L"
PRODUCT;'15490773352797;body_html;fi;;;"""• 100% Cotton - 120 gsm (4.1oz/yd²)
PRODUCT;'15490773352797;handle;fi;;;877; 
PRODUCT;'15490773352797;product_type;fi;;;Apparel; 
PRODUCT;'15490781938013;title;fi;;;"Draco Snapback";"Draco Snapback Lippis"
PRODUCT;'15490781938013;body_html;fi;;;"""• Material: 20% wool, 80% acrylic
PRODUCT;'15490781938013;handle;fi;;;91071; 
PRODUCT;'15490781938013;product_type;fi;;;Apparel; 
PRODUCT;'15490782953821;title;fi;;;"Eridanus Recycled Baseball-cap";"Eridanus Recycled Baseball-Lippis"
PRODUCT;'15490782953821;body_html;fi;;;"""Made from 100 % recycled plasic bottles
PRODUCT;'15490782953821;handle;fi;;;91080; 
PRODUCT;'15490782953821;product_type;fi;;;Apparel; 
PRODUCT;'15490783871325;title;fi;;;"Reflective Orion Beanie";"Orion Heijastava Pipo"
PRODUCT;'15490783871325;body_html;fi;;;"""• Outer surface: 62% acrylic, 38% polyester
PRODUCT;'15490783871325;handle;fi;;;91088; 
PRODUCT;'15490783871325;product_type;fi;;;Apparel; 
PRODUCT;'15490784395613;title;fi;;;"Junior Reflective Orion Beanie";"Lasten Orion Heijastava Pipo"
PRODUCT;'15490784395613;body_html;fi;;;"""• Outer surface: 62% acrylic, 38% polyester
PRODUCT;'15490784395613;handle;fi;;;910885; 
PRODUCT;'15490784395613;product_type;fi;;;Kids; 
PRODUCT;'15490784985437;title;fi;;;"Grus Elastic Beanie";"Grus Puuvillatrikoopipo"
PRODUCT;'15490784985437;body_html;fi;;;"""• Material: 95% cotton, 5% elastane
PRODUCT;'15490784985437;handle;fi;;;91097; 
PRODUCT;'15490784985437;product_type;fi;;;Apparel; 
PRODUCT;'15490786165085;title;fi;;;"Dorado Slouch Cotton Beanie";"Dorado Pitkä Puuvillatrikoopipo"
PRODUCT;'15490786165085;body_html;fi;;;"""• Material: 95% cotton, 5% elastane
PRODUCT;'15490786165085;handle;fi;;;91098; 
PRODUCT;'15490786165085;product_type;fi;;;Apparel; 
PRODUCT;'15490786591069;title;fi;;;Original 5 Panel Cap; 
PRODUCT;'15490786591069;body_html;fi;;;"• 100% Cotton twill
PRODUCT;'15490786591069;handle;fi;;;b10; 
PRODUCT;'15490786591069;product_type;fi;;;Apparel; 
PRODUCT;'15490789572957;title;fi;;;Grand Prix Cap; 
PRODUCT;'15490789572957;body_html;fi;;;"• 100% Cotton Twill
PRODUCT;'15490789572957;handle;fi;;;b159; 
PRODUCT;'15490789572957;product_type;fi;;;Apparel; 
PRODUCT;'15490790621533;title;fi;;;Teamwear Competition Cap; 
PRODUCT;'15490790621533;body_html;fi;;;"• 100% Brushed Cotton Twill
PRODUCT;'15490790621533;handle;fi;;;b171; 
PRODUCT;'15490790621533;product_type;fi;;;Apparel; 
PRODUCT;'15490794389853;title;fi;;;Air Mesh 6 Panel Cap; 
PRODUCT;'15490794389853;body_html;fi;;;"• Material: Air Mesh Polyester
PRODUCT;'15490794389853;handle;fi;;;b196; 
PRODUCT;'15490794389853;product_type;fi;;;Apparel; 
PRODUCT;'15490795077981;title;fi;;;Athleisure 6 Panel Cap; 
PRODUCT;'15490795077981;body_html;fi;;;"• 100% Brushed Cotton
PRODUCT;'15490795077981;handle;fi;;;b20; 
PRODUCT;'15490795077981;product_type;fi;;;Apparel; 
PRODUCT;'15490798649693;title;fi;;;Authentic 5 Panel Cap; 
PRODUCT;'15490798649693;body_html;fi;;;"• Material: 100% Cotton Twill
PRODUCT;'15490798649693;handle;fi;;;b25; 
PRODUCT;'15490798649693;product_type;fi;;;Apparel; 
PRODUCT;'15490800419165;title;fi;;;Authentic 5 Panel Cap - Piped Peak; 
PRODUCT;'15490800419165;body_html;fi;;;"• 100% Cotton Twill 
PRODUCT;'15490800419165;handle;fi;;;b25c; 
PRODUCT;'15490800419165;product_type;fi;;;Apparel; 
PRODUCT;'15490802614621;title;fi;;;Camouflage Army Cap; 
PRODUCT;'15490802614621;body_html;fi;;;"• 100% Cotton Twill
PRODUCT;'15490802614621;handle;fi;;;b33; 
PRODUCT;'15490802614621;product_type;fi;;;Apparel; 
PRODUCT;'15490804351325;title;fi;;;Army Cap; 
PRODUCT;'15490804351325;body_html;fi;;;"• 100% Heavy washed cotton
PRODUCT;'15490804351325;handle;fi;;;b34; 
PRODUCT;'15490804351325;product_type;fi;;;Apparel; 
PRODUCT;'15490806776157;title;fi;;;Hemsedal Overlock Cotton Beanie; 
PRODUCT;'15490806776157;body_html;fi;;;"• Material: 95% Cotton/5% Elastane
PRODUCT;'15490806776157;handle;fi;;;b366; 
PRODUCT;'15490806776157;product_type;fi;;;Apparel; 
PRODUCT;'15490808217949;title;fi;;;Hemsedal Cotton Slouch Beanie; 
PRODUCT;'15490808217949;body_html;fi;;;"• Material: 95% Cotton/5% Elastane
PRODUCT;'15490808217949;handle;fi;;;b368; 
PRODUCT;'15490808217949;product_type;fi;;;Apparel; 
PRODUCT;'15490809823581;title;fi;;;Reflective Beanie; 
PRODUCT;'15490809823581;body_html;fi;;;"• Material: 84% Acrylic / 16% Polyester
PRODUCT;'15490809823581;handle;fi;;;b407; 
PRODUCT;'15490809823581;product_type;fi;;;Apparel; 
PRODUCT;'15490810773853;title;fi;;;Verbier Beanie; 
PRODUCT;'15490810773853;body_html;fi;;;"• 100% Soft-Spun Acrylic
PRODUCT;'15490810773853;handle;fi;;;b413; 
PRODUCT;'15490810773853;product_type;fi;;;Apparel; 
PRODUCT;'15490811986269;title;fi;;;Enhanced-viz Knitted Beanie; 
PRODUCT;'15490811986269;body_html;fi;;;"• 100% Soft Touch Acrylic
PRODUCT;'15490811986269;handle;fi;;;b42; 
PRODUCT;'15490811986269;product_type;fi;;;Apparel; 
PRODUCT;'15490812674397;title;fi;;;Recycled Mini Fisherman Beanie; 
PRODUCT;'15490812674397;body_html;fi;;;"• 100% Recycled Polyester
PRODUCT;'15490812674397;handle;fi;;;b43r; 
PRODUCT;'15490812674397;product_type;fi;;;Apparel; 
PRODUCT;'15490813362525;title;fi;;;Original Pull-on Beanie; 
PRODUCT;'15490813362525;body_html;fi;;;"• 100% Soft Touch Acrylic
PRODUCT;'15490813362525;handle;fi;;;b44; 
PRODUCT;'15490813362525;product_type;fi;;;Apparel; 
PRODUCT;'15490815787357;title;fi;;;Thinsulate™ Patch Beanie; 
PRODUCT;'15490815787357;body_html;fi;;;"• 100% Soft-Touch Acrylic
PRODUCT;'15490815787357;handle;fi;;;b440; 
PRODUCT;'15490815787357;product_type;fi;;;Apparel; 
PRODUCT;'15490817360221;title;fi;;;Active Performance Beanie; 
PRODUCT;'15490817360221;body_html;fi;;;"• 50% Wool / 50% Acrylic
PRODUCT;'15490817360221;handle;fi;;;b444; 
PRODUCT;'15490817360221;product_type;fi;;;Apparel; 
PRODUCT;'15490818015581;title;fi;;;Printers Beanie; 
PRODUCT;'15490818015581;body_html;fi;;;"• 100% Soft Touch Acrylic
PRODUCT;'15490818015581;handle;fi;;;b445; 
PRODUCT;'15490818015581;product_type;fi;;;Apparel; 
PRODUCT;'15490819490141;title;fi;;;Circular Patch Beanie; 
PRODUCT;'15490819490141;body_html;fi;;;"• 100% Soft Touch Acrylic
PRODUCT;'15490819490141;handle;fi;;;b446; 
PRODUCT;'15490819490141;product_type;fi;;;Apparel; 
PRODUCT;'15490820964701;title;fi;;;Thinsulate™ Beanie; 
PRODUCT;'15490820964701;body_html;fi;;;"• 100% Soft-Feel Acrylic
PRODUCT;'15490820964701;handle;fi;;;b447; 
PRODUCT;'15490820964701;product_type;fi;;;Apparel; 
PRODUCT;'15490821652829;title;fi;;;Original Cuffed Beanie; 
PRODUCT;'15490821652829;body_html;fi;;;"• 100% Soft Touch Acrylic
PRODUCT;'15490821652829;handle;fi;;;b45; 
PRODUCT;'15490821652829;product_type;fi;;;Apparel; 
PRODUCT;'15490823946589;title;fi;;;Snowstar Duo Beanie; 
PRODUCT;'15490823946589;body_html;fi;;;"• 100% Soft Touch Acrylic
PRODUCT;'15490823946589;handle;fi;;;b450; 
PRODUCT;'15490823946589;product_type;fi;;;Apparel; 
PRODUCT;'15490826502493;title;fi;;;Classic Woven Scarf; 
PRODUCT;'15490826502493;body_html;fi;;;"• 100% Acrylic
PRODUCT;'15490826502493;handle;fi;;;b500; 
PRODUCT;'15490826502493;product_type;fi;;;Apparel; 
PRODUCT;'15490828239197;title;fi;;;5 Panel Snapback; 
PRODUCT;'15490828239197;body_html;fi;;;"• 100% Cotton Twill
PRODUCT;'15490828239197;handle;fi;;;b610c; 
PRODUCT;'15490828239197;product_type;fi;;;Apparel; 
PRODUCT;'15490830500189;title;fi;;;Gatsby Ivy Cap; 
PRODUCT;'15490830500189;body_html;fi;;;"• 50% wool 50% polyester
PRODUCT;'15490830500189;handle;fi;;;b622; 
PRODUCT;'15490830500189;product_type;fi;;;Apparel; 
PRODUCT;'15490831221085;title;fi;;;Half Mesh Trucker; 
PRODUCT;'15490831221085;body_html;fi;;;"• 100% Cotton front panel &amp; peak
PRODUCT;'15490831221085;handle;fi;;;b640; 
PRODUCT;'15490831221085;product_type;fi;;;Apparel; 
PRODUCT;'15490832859485;title;fi;;;Patch Snapback Trucker; 
PRODUCT;'15490832859485;body_html;fi;;;"• 100% Cotton Front Panel and Peak
PRODUCT;'15490832859485;handle;fi;;;b641; 
PRODUCT;'15490832859485;product_type;fi;;;Apparel; 
PRODUCT;'15490834694493;title;fi;;;Microknit Snapback Trucker; 
PRODUCT;'15490834694493;body_html;fi;;;"• 96% Polyester/ 4% Elastane front panel
PRODUCT;'15490834694493;handle;fi;;;b642; 
PRODUCT;'15490834694493;product_type;fi;;;Apparel; 
PRODUCT;'15490835382621;title;fi;;;Vintage Snapback Trucker; 
PRODUCT;'15490835382621;body_html;fi;;;"• 100% Polyester Front Panel
PRODUCT;'15490835382621;handle;fi;;;b645; 
PRODUCT;'15490835382621;product_type;fi;;;Apparel; 
PRODUCT;'15490837709149;title;fi;;;Pro-style Heavy Brushed Cotton Cap; 
PRODUCT;'15490837709149;body_html;fi;;;"• 100% Heavy Brushed Cotton Drill
PRODUCT;'15490837709149;handle;fi;;;b65; 
PRODUCT;'15490837709149;product_type;fi;;;Apparel; 
PRODUCT;'15490840625501;title;fi;;;Low Profile Vintage Cap; 
PRODUCT;'15490840625501;body_html;fi;;;"• Material: 100% Brushed Washed Cotton
PRODUCT;'15490840625501;handle;fi;;;b655; 
PRODUCT;'15490840625501;product_type;fi;;;Apparel; 
PRODUCT;'15490842329437;title;fi;;;Original Flat Peak Snapback; 
PRODUCT;'15490842329437;body_html;fi;;;"• 100% Polyester Twill 
PRODUCT;'15490842329437;handle;fi;;;b660; 
PRODUCT;'15490842329437;product_type;fi;;;Apparel; 
PRODUCT;'15490843705693;title;fi;;;Rapper Cap; 
PRODUCT;'15490843705693;body_html;fi;;;"• Material: 98% Cotton, 2% Elastane
PRODUCT;'15490843705693;handle;fi;;;b665; 
PRODUCT;'15490843705693;product_type;fi;;;Apparel; 
PRODUCT;'15490844819805;title;fi;;;Morf® Original; 
PRODUCT;'15490844819805;body_html;fi;;;"• 100% Polyester - Microfibre
PRODUCT;'15490844819805;handle;fi;;;b900; 
PRODUCT;'15490844819805;product_type;fi;;;Accessories; 
PRODUCT;'15490857075037;title;fi;;;Morf® Suprafleece®; 
PRODUCT;'15490857075037;body_html;fi;;;"• 100% Polyester - Microfibre
PRODUCT;'15490857075037;handle;fi;;;b920; 
PRODUCT;'15490857075037;product_type;fi;;;Accessories; 
PRODUCT;'15490858647901;title;fi;;;Morf® Enhanced-viz; 
PRODUCT;'15490858647901;body_html;fi;;;"• 100% Polyester - Microfibre
PRODUCT;'15490858647901;handle;fi;;;b950; 
PRODUCT;'15490858647901;product_type;fi;;;Accessories; 
PRODUCT;'15490859565405;title;fi;;;Chef's Zandana Scarf; 
PRODUCT;'15490859565405;body_html;fi;;;"• Material: 65% polyester, 35% cotton twill
PRODUCT;'15490859565405;handle;fi;;;pr658; 
PRODUCT;'15490859565405;product_type;fi;;;Apparel; 
PRODUCT;'15490860646749;title;fi;;;Lightweight Thinsulate Hat; 
PRODUCT;'15490860646749;body_html;fi;;;"• Windproof
PRODUCT;'15490860646749;handle;fi;;;rc133; 
PRODUCT;'15490860646749;product_type;fi;;;Apparel; 
PRODUCT;'15490863038813;title;fi;;;Woolly Ski Hat; 
PRODUCT;'15490863038813;body_html;fi;;;"• 100% soft-feel acrylic, 340g
PRODUCT;'15490863038813;handle;fi;;;rc29; 
PRODUCT;'15490863038813;product_type;fi;;;Apparel; 
PRODUCT;'15490863825245;title;fi;;;Pull On Soft Feel Acrylic Hat; 
PRODUCT;'15490863825245;body_html;fi;;;"• 100% soft-feel acrylic, 340g
PRODUCT;'15490863825245;handle;fi;;;rc44; 
PRODUCT;'15490863825245;product_type;fi;;;Apparel; 
PRODUCT;'15490864218461;title;fi;;;Urban Camo Cap; 
PRODUCT;'15490864218461;body_html;fi;;;"• 100% cotton twill, 190g
PRODUCT;'15490864218461;handle;fi;;;rc59; 
PRODUCT;'15490864218461;product_type;fi;;;Apparel; 
PRODUCT;'15490864611677;title;fi;;;Houston Printers Cap; 
PRODUCT;'15490864611677;body_html;fi;;;"• 125g/m² 100% Polyester
PRODUCT;'15490864611677;handle;fi;;;rc80; 
PRODUCT;'15490864611677;product_type;fi;;;Apparel; 
PRODUCT;'15490866086237;title;fi;;;Memphis Brushed Cotton Low Profile Cap; 
PRODUCT;'15490866086237;body_html;fi;;;"• 280g/m² 100% Cotton
PRODUCT;'15490866086237;handle;fi;;;rc81; 
PRODUCT;'15490866086237;product_type;fi;;;Apparel; 
PRODUCT;'15490867102045;title;fi;;;"Orion Reflective Scarf";"Orion Heijastava Huivi"
PRODUCT;'15490867102045;body_html;fi;;;"""• Reflective part: 62% acrylic 38% polyester
PRODUCT;'15490867102045;handle;fi;;;910680; 
PRODUCT;'15490867102045;product_type;fi;;;Apparel; 
PRODUCT;'15490868183389;title;fi;;;Camo Cuffed Beanie; 
PRODUCT;'15490868183389;body_html;fi;;;"• 100% Soft-Touch Acrylic
PRODUCT;'15490868183389;handle;fi;;;b419; 
PRODUCT;'15490868183389;product_type;fi;;;Outlet - discontinued items; 
PRODUCT;'15490869231965;title;fi;;;Heritage Beanie; 
PRODUCT;'15490869231965;body_html;fi;;;"• 100% Soft-Touch Acrylic
PRODUCT;'15490869231965;handle;fi;;;b425; 
PRODUCT;'15490869231965;product_type;fi;;;Outlet - discontinued items;
